代號,產業別,名稱,發行張數
1101,水泥工業,台泥,5740240
1102,水泥工業,亞泥,3361447
1103,水泥工業,嘉泥,774780
1104,水泥工業,環泥,653609
1108,水泥工業,幸福,404738
1109,水泥工業,信大,341957
1110,水泥工業,東泥,572000
1201,食品工業,味全,506062
1203,食品工業,味王,240000
1210,食品工業,大成,827339
1213,食品工業,大飲,56622
1215,食品工業,卜蜂,267990
1216,食品工業,統一,5682015
1217,食品工業,愛之味,494513
1218,食品工業,泰山,499999
1219,食品工業,福壽,322013
1220,食品工業,台榮,177077
1225,食品工業,福懋油,218703
1227,食品工業,佳格,915089
1229,食品工業,聯華,1281498
1231,食品工業,聯華食,183325
1232,食品工業,大統益,159974
1233,食品工業,天仁,90591
1234,食品工業,黑松,401871
1235,食品工業,興泰,98955
1236,食品工業,宏亞,108342
1256,食品工業,鮮活果汁-KY,33842
1301,塑膠工業,台塑,6365740
1303,塑膠工業,南亞,7930821
1304,塑膠工業,台聚,1188763
1305,塑膠工業,華夏,553381
1307,塑膠工業,三芳,397818
1308,塑膠工業,亞聚,582101
1309,塑膠工業,台達化,344231
1310,塑膠工業,台苯,527869
1312,塑膠工業,國喬,906620
1313,塑膠工業,聯成化,1332347
1314,塑膠工業,中石化,3284850
1315,塑膠工業,達新,138600
1316,建材營造業,上曜,184677
1319,汽車工業,東陽,591477
1321,塑膠工業,大洋,227228
1323,塑膠工業,永裕,91274
1324,塑膠工業,地球,75121
1325,塑膠工業,恆大,85281
1326,塑膠工業,台化,5861186
1337,塑膠工業,再生-KY,268954
1338,汽車工業,廣華-KY,83840
1339,汽車工業,昭輝,74138
1340,塑膠工業,勝悅-KY,152922
1341,塑膠工業,富林-KY,49400
1402,紡織纖維,遠東新,5352875
1409,紡織纖維,新纖,1618409
1410,紡織纖維,南染,63000
1413,紡織纖維,宏洲,102112
1414,紡織纖維,東和紡,220000
1416,其他業,廣豐,185342
1417,紡織纖維,嘉裕,189941
1418,紡織纖維,東華,46834
1419,紡織纖維,新光紡,300041
1423,紡織纖維,利華,138400
1432,貿易百貨業,大魯閣,75000
1434,紡織纖維,福懋興,1684664
1435,其他業,中福,139780
1436,建材營造業,福益,95634
1437,其他業,勤益,203371
1438,建材營造業,裕豐,102411
1439,紡織纖維,中和,92000
1440,紡織纖維,南紡,1656815
1441,紡織纖維,大東,100800
1442,建材營造業,名軒,309117
1443,紡織纖維,立益,135343
1444,紡織纖維,力麗,957302
1445,紡織纖維,大宇,130666
1446,紡織纖維,宏和,137709
1447,紡織纖維,力鵬,914487
1449,紡織纖維,佳和,180030
1451,紡織纖維,年興,198000
1452,紡織纖維,宏益纖,132641
1453,紡織纖維,大將,100614
1454,紡織纖維,台富,129833
1455,紡織纖維,集盛,578000
1456,紡織纖維,怡華,93720
1457,紡織纖維,宜進實,301647
1459,紡織纖維,聯發,358628
1460,紡織纖維,宏遠興,509834
1463,紡織纖維,強盛,173268
1464,紡織纖維,得力,384565
1465,紡織纖維,偉全,103607
1466,紡織纖維,聚隆,111157
1467,紡織纖維,南緯,168209
1468,紡織纖維,昶和纖,160405
1470,紡織纖維,大統新創,85767
1471,電子零組件業,首利,145414
1472,紡織纖維,三洋紡,46052
1473,紡織纖維,台南,147153
1474,紡織纖維,弘裕,129896
1475,紡織纖維,本盟,16016
1476,紡織纖維,儒鴻,274367
1477,紡織纖維,聚陽,219856
1503,電機機械,士電,520972
1504,電機機械,東元,1967692
1506,電機機械,正道,163161
1507,電機機械,永大,410820
1512,汽車工業,瑞利,181802
1513,電機機械,中興電,420000
1514,電機機械,亞力,217453
1515,電機機械,力山,181473
1516,其他業,川飛,34394
1517,電機機械,利奇,227825
1519,電機機械,華城,261058
1521,汽車工業,大億,76230
1522,汽車工業,堤維西,312897
1524,汽車工業,耿鼎,179685
1525,汽車工業,江申,73400
1526,電機機械,日馳,60000
1527,電機機械,鑽全,138570
1528,電機機械,恩德,199331
1529,電機機械,樂士,95967
1530,電機機械,亞崴,96594
1531,電機機械,高林股,183608
1532,電機機械,勤美,376122
1533,汽車工業,車王電,98547
1535,電機機械,中宇,123742
1536,汽車工業,和大,254517
1537,電機機械,廣隆,81785
1538,電機機械,正峰新,56135
1539,電機機械,巨庭,65370
1540,電機機械,喬福,85473
1541,電機機械,錩泰,78800
1560,電機機械,中砂,141000
1568,汽車工業,倉佑,103086
1582,電子零組件業,信錦,123724
1583,電機機械,程泰,110400
1587,汽車工業,吉茂,65356
1589,電機機械,永冠-KY,110617
1590,電機機械,亞德客-KY,189024
1592,汽車工業,英瑞-KY,110978
1598,生技醫療業,岱宇,120982
1603,電器電纜,華電,191688
1604,電器電纜,聲寶,387200
1605,電器電纜,華新麗華,3286000
1608,電器電纜,華榮,632773
1609,電器電纜,大亞,595068
1611,電器電纜,中電,322735
1612,電器電纜,宏泰,316080
1614,電器電纜,三洋電,269113
1615,電器電纜,大山,123047
1616,電器電纜,億泰,194148
1617,電器電纜,榮星,144233
1618,電器電纜,合機,240864
1626,電器電纜,艾美特-KY,139587
1701,生技醫療業,中化,298081
1702,食品工業,南僑,294132
1707,生技醫療業,葡萄王,136286
1708,化學工業,東鹼,228441
1709,化學工業,和益,477016
1710,化學工業,東聯,885703
1711,化學工業,永光,547752
1712,化學工業,興農,420492
1713,化學工業,國化,150951
1714,化學工業,和桐,1016824
1717,化學工業,長興,1240279
1718,化學工業,中纖,1621367
1720,生技醫療業,生達,178696
1721,化學工業,三晃,217347
1722,化學工業,台肥,980000
1723,化學工業,中碳,236904
1724,化學工業,台硝,127813
1725,化學工業,元禎,181829
1726,化學工業,永記,162000
1727,化學工業,中華化,110250
1730,化學工業,花仙子,63233
1731,生技醫療業,美吾華,132915
1732,化學工業,毛寶,42443
1733,生技醫療業,五鼎,99950
1734,生技醫療業,杏輝,167722
1735,化學工業,日勝化,99388
1736,生技醫療業,喬山,303616
1737,食品工業,台鹽,200000
1760,生技醫療業,寶齡,76739
1762,生技醫療業,中化合成,77560
1773,化學工業,勝一,180000
1776,化學工業,展宇,70360
1783,生技醫療業,和康生,69465
1786,生技醫療業,科妍,61005
1789,生技醫療業,神隆,790739
1802,玻璃陶瓷,台玻,2908060
1805,建材營造業,寶徠,80265
1806,玻璃陶瓷,冠軍,433782
1808,建材營造業,潤隆,369996
1809,玻璃陶瓷,中釉,167041
1810,玻璃陶瓷,和成,369853
1817,玻璃陶瓷,凱撒衛,72600
1903,造紙工業,士紙,260039
1904,造紙工業,正隆,1108274
1905,造紙工業,華紙,1102835
1906,造紙工業,寶隆,151000
1907,造紙工業,永豐餘,1660371
1909,造紙工業,榮成,1217685
2002,鋼鐵工業,中鋼,15734860
2006,鋼鐵工業,東和鋼,1004060
2007,鋼鐵工業,燁興,530651
2008,鋼鐵工業,高興昌,200852
2009,鋼鐵工業,第一銅,359622
2010,鋼鐵工業,春源,647655
2012,鋼鐵工業,春雨,287774
2013,鋼鐵工業,中鋼構,200000
2014,鋼鐵工業,中鴻,1435544
2015,鋼鐵工業,豐興鋼,581599
2017,鋼鐵工業,官田鋼,341867
2020,鋼鐵工業,美亞鋼,222526
2022,鋼鐵工業,聚亨,479751
2023,鋼鐵工業,燁輝,1890569
2024,鋼鐵工業,志聯,97500
2025,鋼鐵工業,千興,281167
2027,鋼鐵工業,大成鋼,1658465
2028,鋼鐵工業,威致,325714
2029,鋼鐵工業,盛餘,321180
2030,鋼鐵工業,彰源,280526
2031,鋼鐵工業,新光鋼,307187
2032,鋼鐵工業,新鋼,130521
2033,鋼鐵工業,佳大,80694
2034,鋼鐵工業,允強,407130
2038,鋼鐵工業,海光,181264
2049,電機機械,上銀科,318866
2059,電子零組件業,川湖,95297
2062,其他業,橋椿,163014
2069,鋼鐵工業,運錩,156386
2101,橡膠工業,南港,833934
2102,橡膠工業,泰豐,473329
2103,橡膠工業,台橡,825709
2104,橡膠工業,中橡,984733
2105,橡膠工業,正新,3241415
2106,橡膠工業,建大,909410
2107,橡膠工業,厚生,342326
2108,橡膠工業,南帝,492416
2109,橡膠工業,華豐,332349
2114,橡膠工業,鑫永銓,70901
2115,汽車工業,六暉-KY,90366
2201,汽車工業,裕隆,1572919
2204,汽車工業,中華,553620
2206,汽車工業,三陽,804982
2207,汽車工業,和泰車,546179
2208,航運業,台船,472991
2227,汽車工業,裕日車,300000
2228,汽車工業,劍麟,75780
2231,汽車工業,為升,121916
2236,汽車工業,百達-KY,44826
2239,汽車工業,英利-KY,118007
2241,電機機械,艾姆勒,84787
2243,汽車工業,宏旭-KY,45718
2247,汽車工業,汎德永業,80700
2301,電腦及週邊設備業,光寶科,2350867
2302,半導體業,麗正,166302
2303,半導體業,聯電,12222371
2305,電腦及週邊設備業,全友,205660
2308,電子零組件業,台達電,2597543
2312,其他電子業,金寶,1466504
2313,電子零組件業,華通,1191820
2314,通信網路業,台揚,228028
2316,電子零組件業,楠梓電,182740
2317,其他電子業,鴻海,13862990
2321,通信網路業,東訊,148665
2323,光電業,中環,1158881
2324,電腦及週邊設備業,仁寶,4407146
2327,電子零組件業,國巨,495875
2328,電子零組件業,廣宇,518346
2329,半導體業,華泰電,557114
2330,半導體業,台積電,25930380
2331,電腦及週邊設備業,精英,557402
2332,通信網路業,友訊,651996
2337,半導體業,旺宏,1856301
2338,半導體業,光罩,252713
2340,光電業,光磊,378622
2342,半導體業,茂矽,156186
2344,半導體業,華邦電,3980000
2345,通信網路業,智邦,559377
2347,電子通路業,聯強,1667946
2348,其他業,海悅,90956
2349,光電業,錸德,1284157
2351,半導體業,順德,182140
2352,電腦及週邊設備業,佳世達,1966781
2353,電腦及週邊設備業,宏碁,3047853
2354,其他電子業,鴻準,1414485
2355,電子零組件業,敬鵬,397495
2356,電腦及週邊設備業,英業達,3587475
2357,電腦及週邊設備業,華碩,742760
2358,其他業,廷鑫,79616
2359,其他電子業,所羅門,171471
2360,其他電子業,致茂,420748
2362,電腦及週邊設備業,藍天,669763
2363,半導體業,矽統,630967
2364,電腦及週邊設備業,倫飛,90924
2365,電腦及週邊設備業,昆盈,234538
2367,電子零組件業,燿華,619407
2368,電子零組件業,金像,546487
2369,半導體業,菱生,380102
2371,電機機械,大同,2339536
2373,其他電子業,震旦行,236202
2374,光電業,佳能,282362
2375,電子零組件業,智寶,135844
2376,電腦及週邊設備業,技嘉,635688
2377,電腦及週邊設備業,微星,844856
2379,半導體業,瑞昱,510684
2380,電腦及週邊設備業,虹光,162444
2382,電腦及週邊設備業,廣達,3862627
2383,電子零組件業,台光電,324868
2385,電子零組件業,群光,739460
2387,電腦及週邊設備業,精元,196297
2388,半導體業,威盛,493303
2390,其他電子業,云辰,214021
2392,電子零組件業,正崴,512326
2393,光電業,億光,443393
2395,電腦及週邊設備業,研華,771411
2397,電腦及週邊設備業,友通,114688
2399,電腦及週邊設備業,映泰,178100
2401,半導體業,凌陽,591994
2402,電子零組件業,毅嘉,307536
2404,其他電子業,漢唐,190586
2405,電腦及週邊設備業,浩鑫,343427
2406,光電業,國碩,285905
2408,半導體業,南亞科,3092611
2409,光電業,友達,9624245
2412,通信網路業,中華電,7757446
2413,電子零組件業,環科,127359
2414,電子通路業,精技,161735
2415,電子零組件業,錩新,80000
2417,電腦及週邊設備業,圓剛,192892
2419,通信網路業,仲琦,228986
2420,電子零組件業,新巨,152648
2421,電子零組件業,建準,250929
2423,其他電子業,固緯,145047
2424,電腦及週邊設備業,隴華,30000
2425,電腦及週邊設備業,承啟,101498
2426,光電業,鼎元,300622
2427,資訊服務業,三商電,184314
2428,電子零組件業,興勤,128112
2429,電子零組件業,銘旺科,27011
2430,電子通路業,燦坤,166468
2431,電子零組件業,聯昌,110927
2433,其他電子業,互盛電,144496
2434,半導體業,統懋,17000
2436,半導體業,偉詮,178009
2438,光電業,翔耀,95215
2439,通信網路業,美律,208938
2440,電子零組件業,太空梭,139117
2441,半導體業,超豐,568845
2442,電腦及週邊設備業,新美齊,266780
2443,其他業,億麗,145687
2444,通信網路業,友旺,105557
2448,光電業,晶電,1088701
2449,半導體業,京元電,1222745
2450,通信網路業,神腦,258252
2451,半導體業,創見,429061
2453,資訊服務業,凌群,100000
2454,半導體業,聯發科,1588766
2455,通信網路業,全新,184905
2456,電子零組件業,奇力新,256548
2457,電子零組件業,飛宏,337688
2458,半導體業,義隆電,303880
2459,電子通路業,敦吉,105595
2460,電子零組件業,建通,169200
2461,其他電子業,光群雷,159324
2462,電子零組件業,良得,113934
2464,其他電子業,盟立,195531
2465,電腦及週邊設備業,麗台,53587
2466,光電業,冠西電,156334
2467,電子零組件業,志聖,149205
2468,資訊服務業,華經,69961
2471,資訊服務業,資通,47253
2472,電子零組件業,立隆,129219
2474,其他電子業,可成,761618
2476,電子零組件業,鉅祥,184968
2477,其他電子業,美隆電,198216
2478,電子零組件業,大毅,144767
2480,資訊服務業,敦陽科,106360
2481,半導體業,強茂,332814
2482,其他電子業,連宇,62072
2483,電子零組件業,百容,110618
2484,電子零組件業,希華,159421
2485,通信網路業,兆赫,317689
2486,光電業,一詮,201958
2488,其他電子業,漢平,79999
2489,光電業,瑞軒,809362
2491,光電業,吉祥全,62000
2492,電子零組件業,華新科,485800
2493,電子零組件業,揚博,114437
2495,其他電子業,普安,273551
2496,其他業,卓越,19185
2497,汽車工業,怡利電,118798
2498,通信網路業,宏達電,818644
2501,建材營造業,國建,1159561
2504,建材營造業,國產,1378809
2505,建材營造業,國揚,696582
2506,建材營造業,太設,387000
2509,建材營造業,全坤興,224550
2511,建材營造業,太子,1623326
2514,其他業,龍邦,394729
2515,建材營造業,中工,1530899
2516,建材營造業,新建,226278
2520,建材營造業,冠德,503791
2524,建材營造業,京城,374846
2527,建材營造業,宏璟,270306
2528,建材營造業,皇普,182085
2530,建材營造業,華建,270752
2534,建材營造業,宏盛,592784
2535,建材營造業,達欣工,321185
2536,建材營造業,宏普,332808
2537,建材營造業,聯上發,300557
2538,建材營造業,基泰,438448
2539,建材營造業,櫻花建,556679
2540,建材營造業,金尚昌,146600
2542,建材營造業,興富發,1283291
2543,建材營造業,皇昌,241983
2545,建材營造業,皇翔,327734
2546,建材營造業,根基,106035
2547,建材營造業,日勝生,900094
2548,建材營造業,華固,276812
2597,建材營造業,潤弘,135000
2601,貿易百貨業,益航,630883
2603,航運業,長榮海,4812973
2605,航運業,新興,585353
2606,航運業,裕民,845055
2607,航運業,榮運,1067141
2608,航運業,大榮,467000
2609,航運業,陽明,2065271
2610,航運業,華航,5420984
2611,航運業,志信,172994
2612,航運業,中航,197484
2613,航運業,中櫃,148423
2614,貿易百貨業,東森,556789
2615,航運業,萬海,2218297
2616,油電燃氣業,山隆,137281
2617,航運業,台航,417294
2618,航運業,長榮航,4853569
2630,航運業,亞航,120120
2633,航運業,高鐵,2628293
2634,航運業,漢翔,941867
2636,航運業,台驊投控,117157
2637,航運業,慧洋-KY,746384
2642,航運業,宅配通,95467
2701,觀光事業,萬企,449967
2702,觀光事業,華園,110485
2704,觀光事業,國賓,366923
2705,觀光事業,六福,186536
2706,觀光事業,第一店,499998
2707,觀光事業,晶華,127401
2712,觀光事業,悅來,105000
2722,觀光事業,夏都,111522
2723,觀光事業,美食-KY,180000
2727,觀光事業,王品,76987
2731,觀光事業,雄獅,70000
2739,觀光事業,寒舍,111526
2748,觀光事業,雲品,75482
2801,銀行業,彰銀,10384723
2809,銀行業,京城銀,1121234
2812,銀行業,台中銀,3901694
2816,保險業,旺旺保,223608
2820,銀行業,華票,1342960
2823,保險業,中壽,4463582
2832,保險業,台產,362200
2834,銀行業,台企銀,7488583
2836,銀行業,高雄銀,1080916
2838,銀行業,聯邦銀,3086367
2841,建材營造業,台開,760943
2845,銀行業,遠東銀,3355819
2849,銀行業,安泰銀,1503206
2850,保險業,新產,315963
2851,保險業,中再保,590388
2852,保險業,第一產,301163
2855,證券業,統一證,1399837
2867,保險業,三商壽,2371971
2880,金控業,華南金,12172740
2881,金控業,富邦金,10233603
2882,金控業,國泰金,13169210
2883,金控業,開發金,14968438
2884,金控業,玉山金,12567100
2885,金控業,元大金,12137435
2886,金控業,兆豐金,13599823
2887,金控業,台新金,10908591
2888,金控業,新光金,13020394
2889,金控業,國票金,2896481
2890,金控業,永豐金,11271054
2891,金控業,中信金,19496989
2892,金控業,第一金,12835801
2897,銀行業,王道銀行,2733006
2901,貿易百貨業,欣欣,73043
2903,貿易百貨業,遠東百,1416940
2904,其他業,匯僑,69034
2905,貿易百貨業,三商行,909350
2906,貿易百貨業,高林,209111
2908,貿易百貨業,特力,509887
2910,貿易百貨業,統領,208725
2911,貿易百貨業,麗嬰房,184677
2912,貿易百貨業,統一超,1039622
2913,貿易百貨業,農林,706750
2915,貿易百貨業,潤泰全,564860
2923,建材營造業,鼎固-KY,1740296
2929,貿易百貨業,淘帝-KY,94955
2936,貿易百貨業,客思達-KY,76555
2939,貿易百貨業,凱羿-KY,45748
3002,電腦及週邊設備業,歐格,102000
3003,電子零組件業,健和興,155654
3004,鋼鐵工業,豐達,52647
3005,電腦及週邊設備業,神基,584396
3006,半導體業,晶豪科,285758
3008,光電業,大立光,134140
3010,電子通路業,華立,231390
3011,電子零組件業,今皓,112719
3013,電腦及週邊設備業,晟銘,155935
3014,半導體業,聯陽,161080
3015,電子零組件業,全漢,187261
3016,半導體業,嘉晶,277491
3017,電腦及週邊設備業,奇鋐,353310
3018,其他電子業,同開,73512
3019,光電業,亞光,281083
3021,電子零組件業,衛展,94000
3022,電腦及週邊設備業,威強電,176597
3023,電子零組件業,信邦,232777
3024,光電業,憶聲,277157
3025,通信網路業,星通,70920
3026,電子零組件業,禾伸堂,157990
3027,通信網路業,盛達,98856
3028,電子通路業,增你強,213824
3029,資訊服務業,零壹,124963
3030,其他電子業,德律,236216
3031,光電業,佰鴻,181674
3032,電子零組件業,偉訓,103285
3033,電子通路業,威健,367751
3034,半導體業,聯詠,608511
3035,半導體業,智原,248550
3036,電子通路業,文曄,784190
3037,電子零組件業,欣興,1504732
3038,光電業,全台,162407
3040,其他業,遠見,63000
3041,半導體業,揚智,192539
3042,電子零組件業,晶技,309757
3043,其他電子業,科風,194878
3044,電子零組件業,健鼎,525605
3045,通信網路業,台灣大,3509376
3046,電腦及週邊設備業,建碁,34948
3047,通信網路業,訊舟,186491
3048,電子通路業,益登,222572
3049,光電業,和鑫,806948
3050,光電業,鈺德,145984
3051,光電業,力特,267224
3052,建材營造業,夆典,228713
3054,半導體業,立萬利,87848
3055,電子通路業,蔚華科,102441
3056,建材營造業,總太,209287
3057,電腦及週邊設備業,喬鼎,84238
3058,電子零組件業,立德,161937
3059,光電業,華晶,279543
3060,電腦及週邊設備業,銘異,137563
3062,通信網路業,建漢,328605
3090,電子零組件業,日電貿,178657
3094,半導體業,聯傑,84632
3130,資訊服務業,一零四,33190
3149,光電業,正達,187584
3164,生技醫療業,景岳,87848
3167,電機機械,大量,80134
3189,半導體業,景碩,450875
3209,電子通路業,全科,181429
3229,電子零組件業,晟鈦,60615
3231,電腦及週邊設備業,緯創,2840612
3257,半導體業,虹冠電,72738
3266,建材營造業,昇陽,352314
3296,電子零組件業,勝德,96724
3305,其他電子業,昇貿,118265
3308,電子零組件業,聯德,98569
3311,通信網路業,閎暉,60000
3312,電子通路業,弘憶股,125114
3321,電子零組件業,同泰,126144
3338,電子零組件業,泰碩,87765
3346,汽車工業,麗清,75784
3356,光電業,奇偶,89847
3376,電子零組件業,新日興,191779
3380,通信網路業,明泰,441817
3383,光電業,新世紀,70000
3406,光電業,玉晶光,111459
3413,半導體業,京鼎,82711
3416,電腦及週邊設備業,融程電,60187
3419,通信網路業,譁裕,120480
3432,電子零組件業,台端,66586
3437,光電業,榮創,144548
3443,半導體業,創意,134011
3450,其他電子業,聯鈞,145681
3454,光電業,晶睿,86957
3481,光電業,群創,9711071
3494,電腦及週邊設備業,誠研,179450
3501,電子零組件業,維熹,118257
3504,光電業,揚明光,114059
3515,電腦及週邊設備業,華擎,120642
3518,其他電子業,柏騰,80752
3528,電子通路業,安馳,65615
3530,半導體業,晶相光,78105
3532,半導體業,台勝科,387848
3533,電子零組件業,嘉澤,103477
3535,光電業,晶彩,79052
3536,半導體業,誠創,106800
3543,光電業,州巧,90028
3545,半導體業,敦泰,210045
3550,電子零組件業,聯穎,85000
3557,其他業,嘉威,72300
3563,光電業,牧德,44728
3576,光電業,新日光,2665572
3583,半導體業,辛耘,81139
3588,半導體業,通嘉,46882
3591,光電業,艾笛森,122556
3593,電子零組件業,力銘,63042
3596,通信網路業,智易,208440
3605,電子零組件業,宏致,122395
3607,電子零組件業,谷崧,121662
3617,其他電子業,碩天,80951
3622,光電業,洋華,151327
3645,電子零組件業,達邁,129784
3653,電子零組件業,健策,121025
3661,半導體業,世芯-KY,61326
3665,其他電子業,貿聯-KY,130517
3669,光電業,圓展,92919
3673,光電業,TPK-KY,406663
3679,電子零組件業,新至陞,62296
3682,通信網路業,亞太電,2817196
3686,半導體業,達能,113513
3694,通信網路業,海華,132941
3698,光電業,隆達,431916
3701,電腦及週邊設備業,大眾控,190344
3702,電子通路業,大聯大,1679056
3703,建材營造業,欣陸,823215
3704,通信網路業,合勤控,441177
3705,生技醫療業,永信,266422
3706,電腦及週邊設備業,神達,1206556
3708,化學工業,上緯投控,93504
3710,電子通路業,連展投控,207291
3711,半導體業,日月光投控,4338345
3712,電腦及週邊設備業,永崴投控,246242
4104,生技醫療業,佳醫,141148
4106,生技醫療業,雃博,83385
4108,生技醫療業,懷特,163616
4119,生技醫療業,旭富,79485
4133,生技醫療業,亞諾法,60553
4137,生技醫療業,麗豐-KY,79492
4141,生技醫療業,龍燈-KY,155785
4142,生技醫療業,國光生,429507
4144,生技醫療業,康聯-KY,77139
4148,生技醫療業,全宇生技-KY,64034
4155,生技醫療業,訊映,94933
4164,生技醫療業,承業生,141865
4190,生技醫療業,佐登-KY,60914
4306,塑膠工業,炎洲,570040
4414,紡織纖維,如興,820046
4426,紡織纖維,利勤,172677
4438,紡織纖維,廣越,103375
4439,紡織纖維,冠星-KY,31500
4526,電機機械,東台,254826
4532,電機機械,瑞智,504915
4536,其他業,拓凱,90820
4540,電機機械,全球傳動,96678
4545,電子零組件業,銘鈺,77000
4551,汽車工業,智伸科,105934
4552,電機機械,力達-KY,116000
4555,電機機械,氣立,66880
4557,汽車工業,永新-KY,39808
4560,電機機械,強信-KY,67933
4562,電機機械,穎漢,67546
4564,電機機械,元翎,180100
4566,電機機械,時碩工業,67305
4571,電機機械,鈞興-KY,47600
4572,電機機械,駐龍,35800
4576,電機機械,大銀微系統,118615
4581,汽車工業,光隆精密-KY,33899
4722,化學工業,國精化,100009
4720,化學工業,德淵,89175
4725,化學工業,信昌化,132009
4737,生技醫療業,華廣,61521
4739,化學工業,康普,93029
4746,生技醫療業,台耀,108312
4755,化學工業,三福,90706
4763,化學工業,材料-KY,51076
4764,化學工業,雙鍵,75420
4766,化學工業,南寶,120570
4807,貿易百貨業,日成-KY,38386
4904,通信網路業,遠傳,3258500
4906,通信網路業,正文,353590
4912,電子零組件業,聯德投控-KY,46967
4915,電子零組件業,致伸,450898
4916,電腦及週邊設備業,事欣科,83451
4919,半導體業,新唐,287554
4927,電子零組件業,泰鼎-KY,189937
4930,電器電纜,燦星網,134300
4934,光電業,太極,200000
4935,光電業,茂林-KY,130937
4938,電腦及週邊設備業,和碩,2610511
4942,光電業,嘉彰,142367
4943,電子零組件業,康控-KY,157223
4952,半導體業,凌通,108815
4956,光電業,光鋐,100408
4958,電子零組件業,臻鼎-KY,902229
4960,光電業,誠美材,665728
4961,半導體業,天鈺,165549
4967,半導體業,十銓,69573
4968,半導體業,立積,63192
4976,光電業,佳凌,118921
4977,通信網路業,眾達-KY,68689
4989,電子零組件業,榮科,153085
4994,資訊服務業,傳奇,110639
4999,電子零組件業,鑫禾,74417
5007,鋼鐵工業,三星,294940
5203,資訊服務業,訊連,83918
5215,電腦及週邊設備業,科嘉-KY,59337
5225,其他電子業,東科-KY,61455
5234,光電業,達興,102715
5243,光電業,乙盛-KY,168528
5258,電腦及週邊設備業,虹堡,89542
5264,電腦及週邊設備業,鎧勝-KY,420456
5269,半導體業,祥碩,69222
5283,電器電纜,禾聯碩,73000
5285,半導體業,界霖,94089
5288,電機機械,豐祥-KY,65826
5305,半導體業,敦南,312456
5388,通信網路業,中磊,249054
5434,電子通路業,崇越,181699
5469,電子零組件業,瀚宇博,528441
5471,半導體業,松翰,167877
5484,光電業,慧友,68115
5515,建材營造業,建國,257440
5519,建材營造業,隆大,219197
5521,建材營造業,工信,447527
5522,建材營造業,遠雄建,781596
5525,建材營造業,順天,264591
5531,建材營造業,鄉林,977589
5533,建材營造業,皇鼎,285244
5534,建材營造業,長虹,290325
5538,鋼鐵工業,東明-KY,168000
5546,建材營造業,永固-KY,76725
5607,航運業,遠雄港,229979
5608,航運業,四維航,279267
5706,觀光事業,鳳凰,67117
5871,其他業,中租-KY,1381328
5876,銀行業,上海商銀,4481603
5880,金控業,合庫金,13334223
5906,貿易百貨業,台南-KY,30000
5907,貿易百貨業,大洋-KY,195531
6005,證券業,群益證,2170908
6108,電子零組件業,競國,159899
6112,資訊服務業,聚碩,122357
6115,電子零組件業,鎰勝,187662
6116,光電業,彩晶,3133933
6117,電腦及週邊設備業,迎廣,88650
6120,光電業,達運,665555
6128,電腦及週邊設備業,上福,127588
6131,光電業,悠克,30000
6133,電子零組件業,金橋,117006
6136,通信網路業,富爾特,115536
6139,其他電子業,亞翔,225540
6141,電子零組件業,柏承,128914
6142,通信網路業,友勁,268235
6152,通信網路業,百一,167738
6153,電子零組件業,嘉聯益,556177
6155,電子零組件業,鈞寶,86842
6164,光電業,華興,100000
6165,電子零組件業,捷泰,49682
6166,電腦及週邊設備業,凌華,217497
6168,光電業,宏齊,206069
6172,電腦及週邊設備業,互億,30000
6176,光電業,瑞儀,465027
6177,建材營造業,達麗,283632
6183,資訊服務業,關貿,150000
6184,其他業,大豐電,158230
6189,電子通路業,豐藝,179045
6191,電子零組件業,精成,515546
6192,其他電子業,巨路,106839
6196,其他電子業,帆宣,187114
6197,電子零組件業,佳必琪,122085
6201,其他電子業,亞弘電,89200
6202,半導體業,盛群,226168
6205,電子零組件業,詮欣,71839
6206,電腦及週邊設備業,飛捷,143062
6209,光電業,今國,163146
6213,電子零組件業,聯茂,332957
6214,資訊服務業,精誠,269393
6215,其他電子業,和椿,82789
6216,通信網路業,居易,85658
6224,電子零組件業,聚鼎,80001
6225,光電業,天瀚,50514
6226,光電業,光鼎,114951
6230,電腦及週邊設備業,超眾,86343
6235,電腦及週邊設備業,華孚,168946
6239,半導體業,力成,779146
6243,半導體業,迅杰,74976
6251,電子零組件業,定穎,311059
6257,半導體業,矽格,423513
6269,電子零組件業,台郡,345836
6271,半導體業,同欣電,236647
6277,電腦及週邊設備業,宏正,119471
6278,光電業,台表科,292398
6281,電子通路業,全國電,99172
6282,電子零組件業,康舒,516621
6283,其他電子業,淳安,134046
6285,通信網路業,啟碁,397624
6288,汽車工業,聯嘉,171128
6289,光電業,華上,80778
6405,光電業,悅城,65800
6409,其他電子業,旭隼,87438
6412,電子零組件業,群電,388751
6414,電腦及週邊設備業,樺漢,93272
6415,半導體業,矽力-KY,92182
6416,通信網路業,瑞祺電通,71294
6431,光電業,光麗-KY,45642
6442,通信網路業,光聖,69300
6443,光電業,元晶,379016
6449,電子零組件業,鈺邦,84524
6451,半導體業,訊芯-KY,106524
6456,光電業,GIS-KY,339439
6464,其他業,台數科,124698
6477,光電業,安集,94456
6491,生技醫療業,晶碩,70000
6504,其他業,南六,72600
6505,油電燃氣業,台塑化,9525959
6525,半導體業,捷敏-KY,129047
6531,半導體業,愛普,74129
6533,半導體業,晶心科,42650
6541,生技醫療業,泰福-KY,264315
6552,半導體業,易華電,100000
6558,其他電子業,興能高,86908
6573,半導體業,虹揚-KY,80499
6579,電腦及週邊設備業,研揚,148498
6581,其他業,鋼聯,111270
6582,橡膠工業,申豐,106124
6591,電腦及週邊設備業,動力-KY,31165
6592,其他業,和潤企業,515000
6605,汽車工業,帝寶,165816
6625,其他業,必應,39373
6641,其他業,基士德-KY,34000
6655,其他業,科定,75608
6666,生技醫療業,羅麗芬-KY,47388
6668,光電業,中揚光,68367
6669,電腦及週邊設備業,緯穎,174840
6670,其他業,復盛應用,131030
6671,其他業,三能-KY,60750
6672,電子零組件業,騰輝電子-KY,70654
6674,通信網路業,鋐寶科技,66887
6698,其他電子業,旭暉應材,66389
6706,光電業,惠特,66744
6715,電子零組件業,嘉基,57000
6754,其他業,匯僑設計,66000
8011,通信網路業,台通,117580
8016,半導體業,矽創,120136
8021,其他電子業,尖點,142180
8028,半導體業,昇陽半導體,132408
8033,其他業,雷虎,109419
8039,電子零組件業,台虹,209119
8046,電子零組件業,南電,646165
8070,電子通路業,長華,638799
8072,電子通路業,陞泰,80000
8081,半導體業,致新,86172
8101,通信網路業,華冠,208088
8103,電子零組件業,瀚荃,81399
8104,光電業,錸寶,67630
8105,光電業,凌巨,441544
8110,半導體業,華東,506381
8112,電子通路業,至上,378496
8114,電腦及週邊設備業,振樺電,74921
8131,半導體業,福懋科,442222
8150,半導體業,南茂,727240
8163,電腦及週邊設備業,達方,280000
8201,其他電子業,無敵,62366
8210,電腦及週邊設備業,勤誠,120925
8213,電子零組件業,志超,271242
8215,光電業,明基材,320674
8222,電機機械,寶一,68573
8249,電子零組件業,菱光,127055
8261,半導體業,富鼎,81340
8271,半導體業,宇瞻,100897
8341,其他業,日友,111500
8367,航運業,建新國際,81131
8374,電機機械,羅昇,89225
8404,其他業,百和興業-KY,315178
8411,其他業,福貞-KY,175398
8422,其他業,可寧衛,108888
8427,其他業,基勝-KY,104261
8429,貿易百貨業,金麗-KY,185747
8442,其他業,威宏-KY,59999
8443,貿易百貨業,阿瘦,66800
8454,貿易百貨業,富邦媒,140058
8462,觀光事業,柏文,73734
8463,其他業,潤泰材,150000
8464,其他業,億豐,293020
8466,其他業,美吉吉-KY,66059
8467,其他業,波力-KY,49534
8473,其他業,山林水,134812
8478,其他業,東哥遊艇,90886
8480,其他業,泰昇-KY,39270
8481,其他業,政伸,66601
8482,其他業,商億-KY,110444
8488,其他業,吉源-KY,67500
8497,其他業,聯廣,36542
8499,其他業,鼎炫-KY,51286
8926,油電燃氣業,台汽電,589048
8940,觀光事業,新天地,67491
8996,電機機械,高力,89384
9802,其他業,鈺齊-KY,185470
9902,其他業,台火,98049
9904,其他業,寶成,2946787
9905,其他業,大華金,305000
9906,建材營造業,欣巴巴,83343
9907,其他業,統一實,1579145
9908,油電燃氣業,大台北,516358
9910,其他業,豐泰,881681
9911,其他業,櫻花,221121
9912,電腦及週邊設備業,偉聯,53806
9914,其他業,美利達,298983
9917,其他業,中興保,451197
9918,油電燃氣業,欣天然,180537
9919,其他業,康那香,195362
9921,其他業,巨大,375064
9924,其他業,福興,188452
9925,其他業,新保,387489
9926,油電燃氣業,新海瓦,179504
9927,其他業,泰銘,209148
9928,其他業,中視,150724
9929,其他業,秋雨,95800
9930,其他業,中聯資,248540
9931,油電燃氣業,欣高,110430
9933,其他業,中鼎,763332
9934,其他業,成霖,356848
9935,其他業,慶豐富,169623
9937,油電燃氣業,全國油,309043
9938,其他業,百和,297963
9939,其他業,宏全,287785
9940,其他業,信義,736846
9941,其他業,裕融,332301
9942,其他業,茂順,83161
9943,觀光事業,好樂迪,147317
9944,其他業,新麗,109107
9945,其他業,潤泰新,1504880
9946,建材營造業,三發,300820
9955,其他業,佳龍,103208
9958,鋼鐵工業,世紀鋼,210829
